titulo,tipo,categoria,nivel,data_publicacao,descricao,autor,origem_arquivo,execucao_id,conteudo_id,carga_horaria_min
Curso Completo de Segurança de Redes e Controle de Acesso: Da Teoria à Prática,curso,DevOps & Cloud,avancado,2025-03-06,"Neste curso aprofundado, você aprenderá de forma estruturada sobre Segurança de Redes e Controle de Acesso. O treinamento abrange tópicos de nível avançado, exercícios práticos e construção de projetos completos. Indicado para profissionais que desejam dominar ferramentas modernas e padrões consolidados em DevOps & Cloud.",Profa. Carla Antunes Silveira,catalogo.csv,1,1.0,3479.0
Deep Dive Ep. 21: Casos de Sucesso em Linhagem de Dados e Rastreabilidade de Origem,podcast,Segurança & Governança,basico,2024-10-21,"Episódio enriquecedor com debates aprofundados sobre Linhagem de Dados e Rastreabilidade de Origem. Nesta gravação para o público de nível básico, especialistas compartilham experiências práticas, desafios reais do mercado e reflexões sobre impactos estratégicos e técnicos em Segurança & Governança.",Prof. Lucas Fernandes Prado,catalogo.csv,1,2.0,39.0
Data Insights Ep. 54: Experiências Reais com Práticas de DataOps e Qualidade de Dados,podcast,Engenharia de Dados,avancado,2024-09-14,"Episódio enriquecedor com debates aprofundados sobre Práticas de DataOps e Qualidade de Dados. Nesta gravação para o público de nível avançado, especialistas compartilham experiências práticas, desafios reais do mercado e reflexões sobre impactos estratégicos e técnicos em Engenharia de Dados.",Eng. Thiago Pinheiro Borges,catalogo.csv,1,3.0,75.0
Guia Definitivo e Boas Práticas sobre Integração de Conectores com SQLAlchemy e Psycopg3,artigo,Programação & Software,avancado,2025-07-24,"Artigo técnico detalhado que explora Integração de Conectores com SQLAlchemy e Psycopg3 sob uma ótica técnica e conceitual. Focado em nível avançado, aborda trade-offs arquiteturais, vantagens competitivas, padrões recomendados e diretrizes fundamentais para especialistas que atuam em Programação & Software.",Eng. Bruno César Pires,catalogo.csv,1,4.0,7.0
Análise Comparativa e Padrões Recomendados em Design de Dashboards e Eliminação de Chartjunk,artigo,Business Intelligence,basico,2026-05-18,"Artigo técnico detalhado que explora Design de Dashboards e Eliminação de Chartjunk sob uma ótica técnica e conceitual. Focado em nível básico, aborda trade-offs arquiteturais, vantagens competitivas, padrões recomendados e diretrizes fundamentais para especialistas que atuam em Business Intelligence.",Eng. Thiago Pinheiro Borges,catalogo.csv,1,5.0,5.0
Estudo Técnico e Decisões de Arquitetura em Auditoria e Monitoramento de Logs de Acesso,artigo,Segurança & Governança,basico,2025-05-25,"Artigo técnico detalhado que explora Auditoria e Monitoramento de Logs de Acesso sob uma ótica técnica e conceitual. Focado em nível básico, aborda trade-offs arquiteturais, vantagens competitivas, padrões recomendados e diretrizes fundamentais para especialistas que atuam em Segurança & Governança.",Prof. Lucas Fernandes Prado,catalogo.csv,1,6.0,22.0
Data Insights Ep. 108: Experiências Reais com Auditoria e Monitoramento de Logs de Acesso,podcast,Segurança & Governança,avancado,2025-06-09,"Episódio enriquecedor com debates aprofundados sobre Auditoria e Monitoramento de Logs de Acesso. Nesta gravação para o público de nível avançado, especialistas compartilham experiências práticas, desafios reais do mercado e reflexões sobre impactos estratégicos e técnicos em Segurança & Governança.",Dra. Renata Figueiredo Melo,catalogo.csv,1,7.0,86.0
Construindo Aplicações Robustas com Estatística Descritiva e Inferencial para Decisão,curso,Ciência de Dados,basico,2025-04-26,"Neste curso aprofundado, você aprenderá de forma estruturada sobre Estatística Descritiva e Inferencial para Decisão. O treinamento abrange tópicos de nível básico, exercícios práticos e construção de projetos completos. Indicado para profissionais que desejam dominar ferramentas modernas e padrões consolidados em Ciência de Dados.",Dra. Mariana Vasconcelos,catalogo.csv,1,8.0,619.0
Arquitetura & Código Ep. 121: Inovações em Machine Learning Supervisionado com Scikit-Learn,podcast,Ciência de Dados,avancado,2025-07-27,"Episódio enriquecedor com debates aprofundados sobre Machine Learning Supervisionado com Scikit-Learn. Nesta gravação para o público de nível avançado, especialistas compartilham experiências práticas, desafios reais do mercado e reflexões sobre impactos estratégicos e técnicos em Ciência de Dados.",Profa. Larissa Duarte Toledo,catalogo.csv,1,9.0,57.0
Princípios Essenciais e Arquitetura de Auditoria e Monitoramento de Logs de Acesso,artigo,Segurança & Governança,intermediario,2024-01-10,"Artigo técnico detalhado que explora Auditoria e Monitoramento de Logs de Acesso sob uma ótica técnica e conceitual. Focado em nível intermediário, aborda trade-offs arquiteturais, vantagens competitivas, padrões recomendados e diretrizes fundamentais para especialistas que atuam em Segurança & Governança.",Dra. Camila Guimarães Rocha,catalogo.csv,1,10.0,13.0
Análise Prática e Demonstração de Prevenção contra Vazamentos e Segurança em APIs,video,Segurança & Governança,intermediario,2025-12-10,"Vídeo prático e objetivo apresentando a aplicação de Prevenção contra Vazamentos e Segurança em APIs. Em formato hands-on com nível intermediário, o conteúdo demonstra resolução de problemas reais, passo a passo detalhado e dicas essenciais de implementação para acelerar seu domínio em Segurança & Governança.",Prof. Diego Henrique Barros,catalogo.csv,1,11.0,46.0
Papo de Dados Ep. 75: Desvendando Auditoria e Monitoramento de Logs de Acesso,podcast,Segurança & Governança,avancado,2025-04-13,"Episódio enriquecedor com debates aprofundados sobre Auditoria e Monitoramento de Logs de Acesso. Nesta gravação para o público de nível avançado, especialistas compartilham experiências práticas, desafios reais do mercado e reflexões sobre impactos estratégicos e técnicos em Segurança & Governança.",Prof. Lucas Fernandes Prado,catalogo.csv,1,12.0,65.0
Arquitetura & Código Ep. 123: Inovações em Design de Dashboards e Eliminação de Chartjunk,podcast,Business Intelligence,basico,2025-10-26,"Episódio enriquecedor com debates aprofundados sobre Design de Dashboards e Eliminação de Chartjunk. Nesta gravação para o público de nível básico, especialistas compartilham experiências práticas, desafios reais do mercado e reflexões sobre impactos estratégicos e técnicos em Business Intelligence.",Eng. Patrícia Moreira Viana,catalogo.csv,1,13.0,33.0
Arquitetura & Código Ep. 38: Inovações em Orquestração de Microsserviços com Kubernetes,podcast,DevOps & Cloud,basico,2024-01-15,"Episódio enriquecedor com debates aprofundados sobre Orquestração de Microsserviços com Kubernetes. Nesta gravação para o público de nível básico, especialistas compartilham experiências práticas, desafios reais do mercado e reflexões sobre impactos estratégicos e técnicos em DevOps & Cloud.",Eng. Rodrigo Alves Mendonça,catalogo.csv,1,14.0,82.0
Como Obter Alta Performance Utilizando Segurança de Redes e Controle de Acesso,artigo,DevOps & Cloud,avancado,2026-05-10,"Artigo técnico detalhado que explora Segurança de Redes e Controle de Acesso sob uma ótica técnica e conceitual. Focado em nível avançado, aborda trade-offs arquiteturais, vantagens competitivas, padrões recomendados e diretrizes fundamentais para especialistas que atuam em DevOps & Cloud.",Prof. Elmo Batista de Faria,catalogo.csv,1,44.0,26.0
Curso Completo de Governança de Dados para Aplicações de IA: Da Teoria à Prática,curso,Segurança & Governança,avancado,2024-05-03,"Neste curso aprofundado, você aprenderá de forma estruturada sobre Governança de Dados para Aplicações de IA. O treinamento abrange tópicos de nível avançado, exercícios práticos e construção de projetos completos. Indicado para profissionais que desejam dominar ferramentas modernas e padrões consolidados em Segurança & Governança.",Dr. Fernando Zanin Pacheco,catalogo.csv,1,15.0,2215.0
Curso Completo de Filtros Interativos e Exploração Granular em BI: Da Teoria à Prática,curso,Business Intelligence,basico,2025-12-07,"Neste curso aprofundado, você aprenderá de forma estruturada sobre Filtros Interativos e Exploração Granular em BI. O treinamento abrange tópicos de nível básico, exercícios práticos e construção de projetos completos. Indicado para profissionais que desejam dominar ferramentas modernas e padrões consolidados em Business Intelligence.",Dra. Mariana Vasconcelos,catalogo.csv,1,16.0,683.0
Melhores Práticas e Arquitetura de Governança de Dados para Aplicações de IA,video,Segurança & Governança,basico,2024-03-27,"Vídeo prático e objetivo apresentando a aplicação de Governança de Dados para Aplicações de IA. Em formato hands-on com nível básico, o conteúdo demonstra resolução de problemas reais, passo a passo detalhado e dicas essenciais de implementação para acelerar seu domínio em Segurança & Governança.",Dr. Marcelo Silveira Neves,catalogo.csv,1,17.0,28.0
Melhores Práticas e Arquitetura de Estratégias de Indexação e Performance de Bancos,video,Banco de Dados,intermediario,2026-04-07,"Vídeo prático e objetivo apresentando a aplicação de Estratégias de Indexação e Performance de Bancos. Em formato hands-on com nível intermediário, o conteúdo demonstra resolução de problemas reais, passo a passo detalhado e dicas essenciais de implementação para acelerar seu domínio em Banco de Dados.",Dra. Mariana Vasconcelos,catalogo.csv,1,18.0,54.0
"Solucionando Desafios do Dia a Dia em Python Avançado: POO, Decorators e Geradores",video,Programação & Software,basico,2026-05-03,"Vídeo prático e objetivo apresentando a aplicação de Python Avançado: POO, Decorators e Geradores. Em formato hands-on com nível básico, o conteúdo demonstra resolução de problemas reais, passo a passo detalhado e dicas essenciais de implementação para acelerar seu domínio em Programação & Software.",Eng. Thiago Pinheiro Borges,catalogo.csv,1,19.0,13.0
Estudo Técnico e Decisões de Arquitetura em Pipelines de Ingestão Batch e Streaming,artigo,Engenharia de Dados,avancado,2024-11-06,"Artigo técnico detalhado que explora Pipelines de Ingestão Batch e Streaming sob uma ótica técnica e conceitual. Focado em nível avançado, aborda trade-offs arquiteturais, vantagens competitivas, padrões recomendados e diretrizes fundamentais para especialistas que atuam em Engenharia de Dados.",Eng. Vanessa Cristina Ramos,catalogo.csv,1,20.0,26.0
Análise Comparativa e Padrões Recomendados em Embeddings Vetoriais e Representação Semântica,artigo,Inteligência Artificial,intermediario,2025-08-28,"Artigo técnico detalhado que explora Embeddings Vetoriais e Representação Semântica sob uma ótica técnica e conceitual. Focado em nível intermediário, aborda trade-offs arquiteturais, vantagens competitivas, padrões recomendados e diretrizes fundamentais para especialistas que atuam em Inteligência Artificial.",Dra. Renata Figueiredo Melo,catalogo.csv,1,21.0,9.0
Solucionando Desafios do Dia a Dia em Refatoração de Código e Padrões PEP 8,video,Programação & Software,intermediario,2025-12-28,"Vídeo prático e objetivo apresentando a aplicação de Refatoração de Código e Padrões PEP 8. Em formato hands-on com nível intermediário, o conteúdo demonstra resolução de problemas reais, passo a passo detalhado e dicas essenciais de implementação para acelerar seu domínio em Programação & Software.",Eng. Rodrigo Alves Mendonça,catalogo.csv,1,22.0,73.0
Tech Talk Ep. 12: Melhores Práticas em Pipelines e Transformações com Apache Hop,podcast,Engenharia de Dados,avancado,2025-04-07,"Episódio enriquecedor com debates aprofundados sobre Pipelines e Transformações com Apache Hop. Nesta gravação para o público de nível avançado, especialistas compartilham experiências práticas, desafios reais do mercado e reflexões sobre impactos estratégicos e técnicos em Engenharia de Dados.",Profa. Beatriz Helena Nogueira,catalogo.csv,1,23.0,31.0
Deep Dive Ep. 56: Casos de Sucesso em Orquestração de Workflows com Apache Airflow,podcast,Engenharia de Dados,avancado,2024-06-13,"Episódio enriquecedor com debates aprofundados sobre Orquestração de Workflows com Apache Airflow. Nesta gravação para o público de nível avançado, especialistas compartilham experiências práticas, desafios reais do mercado e reflexões sobre impactos estratégicos e técnicos em Engenharia de Dados.",Eng. Felipe Siqueira Castro,catalogo.csv,1,24.0,42.0
"Arquitetura & Código Ep. 21: Inovações em Métricas de Engajamento, Retenção e Conversão",podcast,Business Intelligence,avancado,2024-11-08,"Episódio enriquecedor com debates aprofundados sobre Métricas de Engajamento, Retenção e Conversão. Nesta gravação para o público de nível avançado, especialistas compartilham experiências práticas, desafios reais do mercado e reflexões sobre impactos estratégicos e técnicos em Business Intelligence.",Eng. Felipe Siqueira Castro,catalogo.csv,1,25.0,74.0
Estudo Técnico e Decisões de Arquitetura em Consultas e Índices GIN com JSONB no PostgreSQL,artigo,Banco de Dados,intermediario,2025-04-23,"Artigo técnico detalhado que explora Consultas e Índices GIN com JSONB no PostgreSQL sob uma ótica técnica e conceitual. Focado em nível intermediário, aborda trade-offs arquiteturais, vantagens competitivas, padrões recomendados e diretrizes fundamentais para especialistas que atuam em Banco de Dados.",Eng. Felipe Siqueira Castro,catalogo.csv,1,26.0,14.0
Análise Comparativa e Padrões Recomendados em Gestão de Metadados e Qualidade de Dados Mestres,artigo,Segurança & Governança,basico,2024-10-07,"Artigo técnico detalhado que explora Gestão de Metadados e Qualidade de Dados Mestres sob uma ótica técnica e conceitual. Focado em nível básico, aborda trade-offs arquiteturais, vantagens competitivas, padrões recomendados e diretrizes fundamentais para especialistas que atuam em Segurança & Governança.",Prof. Lucas Fernandes Prado,catalogo.csv,1,27.0,30.0
Solucionando Desafios do Dia a Dia em Análise Exploratória de Dados com Pandas,video,Ciência de Dados,basico,2025-07-12,"Vídeo prático e objetivo apresentando a aplicação de Análise Exploratória de Dados com Pandas. Em formato hands-on com nível básico, o conteúdo demonstra resolução de problemas reais, passo a passo detalhado e dicas essenciais de implementação para acelerar seu domínio em Ciência de Dados.",Eng. Felipe Siqueira Castro,catalogo.csv,1,28.0,36.0
Melhores Práticas e Arquitetura de Adequação à LGPD e Proteção de Dados Pessoais,video,Segurança & Governança,basico,2025-12-25,"Vídeo prático e objetivo apresentando a aplicação de Adequação à LGPD e Proteção de Dados Pessoais. Em formato hands-on com nível básico, o conteúdo demonstra resolução de problemas reais, passo a passo detalhado e dicas essenciais de implementação para acelerar seu domínio em Segurança & Governança.",Eng. Thiago Pinheiro Borges,catalogo.csv,1,45.0,35.0
Construindo Aplicações Robustas com Infraestrutura como Código com Terraform,curso,DevOps & Cloud,intermediario,2025-07-05,"Neste curso aprofundado, você aprenderá de forma estruturada sobre Infraestrutura como Código com Terraform. O treinamento abrange tópicos de nível intermediário, exercícios práticos e construção de projetos completos. Indicado para profissionais que desejam dominar ferramentas modernas e padrões consolidados em DevOps & Cloud.",Profa. Beatriz Helena Nogueira,catalogo.csv,1,29.0,1410.0
Masterclass de Monitoramento de Performance e Acompanhamento de Metas para Projetos Reais,curso,Business Intelligence,avancado,2025-07-30,"Neste curso aprofundado, você aprenderá de forma estruturada sobre Monitoramento de Performance e Acompanhamento de Metas. O treinamento abrange tópicos de nível avançado, exercícios práticos e construção de projetos completos. Indicado para profissionais que desejam dominar ferramentas modernas e padrões consolidados em Business Intelligence.",Eng. Patrícia Moreira Viana,catalogo.csv,1,30.0,2407.0
Solucionando Desafios do Dia a Dia em Visão Computacional e Processamento de Imagens,video,Inteligência Artificial,basico,2025-12-01,"Vídeo prático e objetivo apresentando a aplicação de Visão Computacional e Processamento de Imagens. Em formato hands-on com nível básico, o conteúdo demonstra resolução de problemas reais, passo a passo detalhado e dicas essenciais de implementação para acelerar seu domínio em Inteligência Artificial.",Dra. Camila Guimarães Rocha,catalogo.csv,1,31.0,16.0
Como Obter Alta Performance Utilizando Armazenamento de Documentos com MongoDB,artigo,Banco de Dados,avancado,2026-05-07,"Artigo técnico detalhado que explora Armazenamento de Documentos com MongoDB sob uma ótica técnica e conceitual. Focado em nível avançado, aborda trade-offs arquiteturais, vantagens competitivas, padrões recomendados e diretrizes fundamentais para especialistas que atuam em Banco de Dados.",Eng. Rodrigo Alves Mendonça,catalogo.csv,1,32.0,23.0
Como Obter Alta Performance Utilizando Infraestrutura como Código com Terraform,artigo,DevOps & Cloud,intermediario,2025-02-25,"Artigo técnico detalhado que explora Infraestrutura como Código com Terraform sob uma ótica técnica e conceitual. Focado em nível intermediário, aborda trade-offs arquiteturais, vantagens competitivas, padrões recomendados e diretrizes fundamentais para especialistas que atuam em DevOps & Cloud.",Eng. Patrícia Moreira Viana,catalogo.csv,1,33.0,5.0
Tech Talk Ep. 6: Melhores Práticas em Pipelines de Ingestão Batch e Streaming,podcast,Engenharia de Dados,basico,2024-05-05,"Episódio enriquecedor com debates aprofundados sobre Pipelines de Ingestão Batch e Streaming. Nesta gravação para o público de nível básico, especialistas compartilham experiências práticas, desafios reais do mercado e reflexões sobre impactos estratégicos e técnicos em Engenharia de Dados.",Prof. Lucas Fernandes Prado,catalogo.csv,1,34.0,64.0
Análise Comparativa e Padrões Recomendados em Automação de Servidores Linux e Acesso SSH,artigo,DevOps & Cloud,avancado,2024-11-19,"Artigo técnico detalhado que explora Automação de Servidores Linux e Acesso SSH sob uma ótica técnica e conceitual. Focado em nível avançado, aborda trade-offs arquiteturais, vantagens competitivas, padrões recomendados e diretrizes fundamentais para especialistas que atuam em DevOps & Cloud.",Dr. Fernando Zanin Pacheco,catalogo.csv,1,35.0,17.0
Como Implementar Auditoria e Monitoramento de Logs de Acesso Passo a Passo,video,Segurança & Governança,avancado,2025-11-28,"Vídeo prático e objetivo apresentando a aplicação de Auditoria e Monitoramento de Logs de Acesso. Em formato hands-on com nível avançado, o conteúdo demonstra resolução de problemas reais, passo a passo detalhado e dicas essenciais de implementação para acelerar seu domínio em Segurança & Governança.",Eng. Patrícia Moreira Viana,catalogo.csv,1,36.0,109.0
Arquitetura & Código Ep. 7: Inovações em Filtros Interativos e Exploração Granular em BI,podcast,Business Intelligence,basico,2025-12-12,"Episódio enriquecedor com debates aprofundados sobre Filtros Interativos e Exploração Granular em BI. Nesta gravação para o público de nível básico, especialistas compartilham experiências práticas, desafios reais do mercado e reflexões sobre impactos estratégicos e técnicos em Business Intelligence.",Dra. Juliana Martins Fontes,catalogo.csv,1,37.0,61.0
Como Obter Alta Performance Utilizando Visão Computacional e Processamento de Imagens,artigo,Inteligência Artificial,intermediario,2025-07-09,"Artigo técnico detalhado que explora Visão Computacional e Processamento de Imagens sob uma ótica técnica e conceitual. Focado em nível intermediário, aborda trade-offs arquiteturais, vantagens competitivas, padrões recomendados e diretrizes fundamentais para especialistas que atuam em Inteligência Artificial.",Dra. Juliana Martins Fontes,catalogo.csv,1,38.0,5.0
Melhores Práticas e Arquitetura de Processamento Distribuído com Apache Spark,video,Engenharia de Dados,basico,2024-02-08,"Vídeo prático e objetivo apresentando a aplicação de Processamento Distribuído com Apache Spark. Em formato hands-on com nível básico, o conteúdo demonstra resolução de problemas reais, passo a passo detalhado e dicas essenciais de implementação para acelerar seu domínio em Engenharia de Dados.",Dra. Mariana Vasconcelos,catalogo.csv,1,39.0,17.0
Análise Comparativa e Padrões Recomendados em Dashboards Estratégicos no Apache Superset,artigo,Business Intelligence,intermediario,2025-03-01,"Artigo técnico detalhado que explora Dashboards Estratégicos no Apache Superset sob uma ótica técnica e conceitual. Focado em nível intermediário, aborda trade-offs arquiteturais, vantagens competitivas, padrões recomendados e diretrizes fundamentais para especialistas que atuam em Business Intelligence.",Profa. Larissa Duarte Toledo,catalogo.csv,1,40.0,16.0
Tech Talk Ep. 33: Melhores Práticas em Clusterização e Segmentação de Perfis,podcast,Ciência de Dados,avancado,2025-07-09,"Episódio enriquecedor com debates aprofundados sobre Clusterização e Segmentação de Perfis. Nesta gravação para o público de nível avançado, especialistas compartilham experiências práticas, desafios reais do mercado e reflexões sobre impactos estratégicos e técnicos em Ciência de Dados.",Prof. Elmo Batista de Faria,catalogo.csv,1,41.0,48.0
Papo de Dados Ep. 5: Desvendando Visualizações com Big Numbers e Gráficos Eficazes,podcast,Business Intelligence,basico,2025-07-08,"Episódio enriquecedor com debates aprofundados sobre Visualizações com Big Numbers e Gráficos Eficazes. Nesta gravação para o público de nível básico, especialistas compartilham experiências práticas, desafios reais do mercado e reflexões sobre impactos estratégicos e técnicos em Business Intelligence.",Prof. Diego Henrique Barros,catalogo.csv,1,42.0,60.0
Deep Dive Ep. 23: Casos de Sucesso em Filtros Interativos e Exploração Granular em BI,podcast,Business Intelligence,basico,2025-07-20,"Episódio enriquecedor com debates aprofundados sobre Filtros Interativos e Exploração Granular em BI. Nesta gravação para o público de nível básico, especialistas compartilham experiências práticas, desafios reais do mercado e reflexões sobre impactos estratégicos e técnicos em Business Intelligence.",Dra. Camila Guimarães Rocha,catalogo.csv,1,43.0,47.0
Análise Prática e Demonstração de Filtros Interativos e Exploração Granular em BI,video,Business Intelligence,basico,2025-10-14,"Vídeo prático e objetivo apresentando a aplicação de Filtros Interativos e Exploração Granular em BI. Em formato hands-on com nível básico, o conteúdo demonstra resolução de problemas reais, passo a passo detalhado e dicas essenciais de implementação para acelerar seu domínio em Business Intelligence.",Eng. Vanessa Cristina Ramos,catalogo.csv,1,46.0,39.0
Arquitetura & Código Ep. 40: Inovações em Modelagem e Agregações Analíticas no SQL Lab,podcast,Business Intelligence,basico,2024-01-06,"Episódio enriquecedor com debates aprofundados sobre Modelagem e Agregações Analíticas no SQL Lab. Nesta gravação para o público de nível básico, especialistas compartilham experiências práticas, desafios reais do mercado e reflexões sobre impactos estratégicos e técnicos em Business Intelligence.",Eng. Thiago Pinheiro Borges,catalogo.csv,1,47.0,87.0
Data Insights Ep. 96: Experiências Reais com Orquestração de Workflows com Apache Airflow,podcast,Engenharia de Dados,basico,2024-05-21,"Episódio enriquecedor com debates aprofundados sobre Orquestração de Workflows com Apache Airflow. Nesta gravação para o público de nível básico, especialistas compartilham experiências práticas, desafios reais do mercado e reflexões sobre impactos estratégicos e técnicos em Engenharia de Dados.",Prof. Lucas Fernandes Prado,catalogo.csv,1,48.0,58.0
Construindo Aplicações Robustas com Experimentação e Testes A/B Orientados a Dados,curso,Ciência de Dados,intermediario,2025-01-24,"Neste curso aprofundado, você aprenderá de forma estruturada sobre Experimentação e Testes A/B Orientados a Dados. O treinamento abrange tópicos de nível intermediário, exercícios práticos e construção de projetos completos. Indicado para profissionais que desejam dominar ferramentas modernas e padrões consolidados em Ciência de Dados.",Eng. Bruno César Pires,catalogo.csv,1,49.0,1002.0
Solucionando Desafios do Dia a Dia em Arquitetura RAG e Recuperação Semântica,video,Inteligência Artificial,basico,2024-09-24,"Vídeo prático e objetivo apresentando a aplicação de Arquitetura RAG e Recuperação Semântica. Em formato hands-on com nível básico, o conteúdo demonstra resolução de problemas reais, passo a passo detalhado e dicas essenciais de implementação para acelerar seu domínio em Inteligência Artificial.",Prof. Gabriel Santana Ribeiro,catalogo.csv,1,50.0,45.0
Formação Prática em Estatística Descritiva e Inferencial para Decisão: Fundamentos e Aplicação,curso,Ciência de Dados,intermediario,2024-12-31,"Neste curso aprofundado, você aprenderá de forma estruturada sobre Estatística Descritiva e Inferencial para Decisão. O treinamento abrange tópicos de nível intermediário, exercícios práticos e construção de projetos completos. Indicado para profissionais que desejam dominar ferramentas modernas e padrões consolidados em Ciência de Dados.",Dra. Mariana Vasconcelos,catalogo.csv,1,51.0,892.0
Arquitetura & Código Ep. 109: Inovações em Análise Exploratória de Dados com Pandas,podcast,Ciência de Dados,avancado,2026-04-11,"Episódio enriquecedor com debates aprofundados sobre Análise Exploratória de Dados com Pandas. Nesta gravação para o público de nível avançado, especialistas compartilham experiências práticas, desafios reais do mercado e reflexões sobre impactos estratégicos e técnicos em Ciência de Dados.",Eng. Bruno César Pires,catalogo.csv,1,52.0,70.0
Melhores Práticas e Arquitetura de Orquestração de Workflows com Apache Airflow,video,Engenharia de Dados,intermediario,2024-01-30,"Vídeo prático e objetivo apresentando a aplicação de Orquestração de Workflows com Apache Airflow. Em formato hands-on com nível intermediário, o conteúdo demonstra resolução de problemas reais, passo a passo detalhado e dicas essenciais de implementação para acelerar seu domínio em Engenharia de Dados.",Prof. Lucas Fernandes Prado,catalogo.csv,1,53.0,40.0
Formação Prática em Orquestração de Microsserviços com Kubernetes: Fundamentos e Aplicação,curso,DevOps & Cloud,intermediario,2024-06-06,"Neste curso aprofundado, você aprenderá de forma estruturada sobre Orquestração de Microsserviços com Kubernetes. O treinamento abrange tópicos de nível intermediário, exercícios práticos e construção de projetos completos. Indicado para profissionais que desejam dominar ferramentas modernas e padrões consolidados em DevOps & Cloud.",Dr. Fernando Zanin Pacheco,catalogo.csv,1,54.0,1144.0
Solucionando Desafios do Dia a Dia em Armazenamento de Documentos com MongoDB,video,Banco de Dados,intermediario,2025-01-25,"Vídeo prático e objetivo apresentando a aplicação de Armazenamento de Documentos com MongoDB. Em formato hands-on com nível intermediário, o conteúdo demonstra resolução de problemas reais, passo a passo detalhado e dicas essenciais de implementação para acelerar seu domínio em Banco de Dados.",Eng. Patrícia Moreira Viana,catalogo.csv,1,55.0,34.0
Estudo Técnico e Decisões de Arquitetura em Processamento de Linguagem Natural (PLN),artigo,Inteligência Artificial,intermediario,2025-06-15,"Artigo técnico detalhado que explora Processamento de Linguagem Natural (PLN) sob uma ótica técnica e conceitual. Focado em nível intermediário, aborda trade-offs arquiteturais, vantagens competitivas, padrões recomendados e diretrizes fundamentais para especialistas que atuam em Inteligência Artificial.",Dr. André Luiz Carvalho,catalogo.csv,1,56.0,22.0
Guia Definitivo e Boas Práticas sobre Governança de Dados para Aplicações de IA,artigo,Segurança & Governança,intermediario,2024-03-30,"Artigo técnico detalhado que explora Governança de Dados para Aplicações de IA sob uma ótica técnica e conceitual. Focado em nível intermediário, aborda trade-offs arquiteturais, vantagens competitivas, padrões recomendados e diretrizes fundamentais para especialistas que atuam em Segurança & Governança.",Prof. Diego Henrique Barros,catalogo.csv,1,57.0,29.0
Como Obter Alta Performance Utilizando Modelagem e Agregações Analíticas no SQL Lab,artigo,Business Intelligence,basico,2025-07-29,"Artigo técnico detalhado que explora Modelagem e Agregações Analíticas no SQL Lab sob uma ótica técnica e conceitual. Focado em nível básico, aborda trade-offs arquiteturais, vantagens competitivas, padrões recomendados e diretrizes fundamentais para especialistas que atuam em Business Intelligence.",Dra. Juliana Martins Fontes,catalogo.csv,1,58.0,21.0
Princípios Essenciais e Arquitetura de Auditoria e Monitoramento de Logs de Acesso,artigo,Segurança & Governança,intermediario,2025-04-19,"Artigo técnico detalhado que explora Auditoria e Monitoramento de Logs de Acesso sob uma ótica técnica e conceitual. Focado em nível intermediário, aborda trade-offs arquiteturais, vantagens competitivas, padrões recomendados e diretrizes fundamentais para especialistas que atuam em Segurança & Governança.",Dr. André Luiz Carvalho,catalogo.csv,1,59.0,30.0
Deep Dive Ep. 38: Casos de Sucesso em Clusterização e Segmentação de Perfis,podcast,Ciência de Dados,basico,2024-10-21,"Episódio enriquecedor com debates aprofundados sobre Clusterização e Segmentação de Perfis. Nesta gravação para o público de nível básico, especialistas compartilham experiências práticas, desafios reais do mercado e reflexões sobre impactos estratégicos e técnicos em Ciência de Dados.",Eng. Thiago Pinheiro Borges,catalogo.csv,1,90.0,59.0
Estudo Técnico e Decisões de Arquitetura em Ambientes Reprodutíveis para Aplicações de Dados,artigo,DevOps & Cloud,avancado,2025-03-28,"Artigo técnico detalhado que explora Ambientes Reprodutíveis para Aplicações de Dados sob uma ótica técnica e conceitual. Focado em nível avançado, aborda trade-offs arquiteturais, vantagens competitivas, padrões recomendados e diretrizes fundamentais para especialistas que atuam em DevOps & Cloud.",Profa. Carla Antunes Silveira,catalogo.csv,1,60.0,9.0
Como Implementar Testes Automatizados e TDD com Pytest Passo a Passo,video,Programação & Software,intermediario,2026-05-11,"Vídeo prático e objetivo apresentando a aplicação de Testes Automatizados e TDD com Pytest. Em formato hands-on com nível intermediário, o conteúdo demonstra resolução de problemas reais, passo a passo detalhado e dicas essenciais de implementação para acelerar seu domínio em Programação & Software.",Eng. Vanessa Cristina Ramos,catalogo.csv,1,61.0,47.0
Como Obter Alta Performance Utilizando Integração Híbrida PostgreSQL e NoSQL MongoDB,artigo,Banco de Dados,avancado,2024-05-26,"Artigo técnico detalhado que explora Integração Híbrida PostgreSQL e NoSQL MongoDB sob uma ótica técnica e conceitual. Focado em nível avançado, aborda trade-offs arquiteturais, vantagens competitivas, padrões recomendados e diretrizes fundamentais para especialistas que atuam em Banco de Dados.",Eng. Bruno César Pires,catalogo.csv,1,62.0,15.0
Especialização em Storytelling com Dados para Apresentações Executivas com Projetos Práticos,curso,Business Intelligence,avancado,2024-01-23,"Neste curso aprofundado, você aprenderá de forma estruturada sobre Storytelling com Dados para Apresentações Executivas. O treinamento abrange tópicos de nível avançado, exercícios práticos e construção de projetos completos. Indicado para profissionais que desejam dominar ferramentas modernas e padrões consolidados em Business Intelligence.",Eng. Bruno César Pires,catalogo.csv,1,63.0,2836.0
Estudo Técnico e Decisões de Arquitetura em Tipagem Estática e Boas Práticas com Mypy,artigo,Programação & Software,basico,2024-08-02,"Artigo técnico detalhado que explora Tipagem Estática e Boas Práticas com Mypy sob uma ótica técnica e conceitual. Focado em nível básico, aborda trade-offs arquiteturais, vantagens competitivas, padrões recomendados e diretrizes fundamentais para especialistas que atuam em Programação & Software.",Dr. Marcelo Silveira Neves,catalogo.csv,1,64.0,21.0
Princípios Essenciais e Arquitetura de Conteinerização com Docker e Docker Compose,artigo,DevOps & Cloud,intermediario,2025-07-26,"Artigo técnico detalhado que explora Conteinerização com Docker e Docker Compose sob uma ótica técnica e conceitual. Focado em nível intermediário, aborda trade-offs arquiteturais, vantagens competitivas, padrões recomendados e diretrizes fundamentais para especialistas que atuam em DevOps & Cloud.",Eng. Patrícia Moreira Viana,catalogo.csv,1,65.0,13.0
Melhores Práticas e Arquitetura de Escalabilidade e Gestão de Custos em Cloud,video,DevOps & Cloud,avancado,2026-05-21,"Vídeo prático e objetivo apresentando a aplicação de Escalabilidade e Gestão de Custos em Cloud. Em formato hands-on com nível avançado, o conteúdo demonstra resolução de problemas reais, passo a passo detalhado e dicas essenciais de implementação para acelerar seu domínio em DevOps & Cloud.",Prof. Diego Henrique Barros,catalogo.csv,1,66.0,105.0
Guia Definitivo e Boas Práticas sobre Pipelines de Ingestão Batch e Streaming,artigo,Engenharia de Dados,basico,2024-01-19,"Artigo técnico detalhado que explora Pipelines de Ingestão Batch e Streaming sob uma ótica técnica e conceitual. Focado em nível básico, aborda trade-offs arquiteturais, vantagens competitivas, padrões recomendados e diretrizes fundamentais para especialistas que atuam em Engenharia de Dados.",Profa. Beatriz Helena Nogueira,catalogo.csv,1,67.0,15.0
Data Insights Ep. 21: Experiências Reais com Governança e Padronização de Painéis de Indicadores,podcast,Business Intelligence,avancado,2025-07-05,"Episódio enriquecedor com debates aprofundados sobre Governança e Padronização de Painéis de Indicadores. Nesta gravação para o público de nível avançado, especialistas compartilham experiências práticas, desafios reais do mercado e reflexões sobre impactos estratégicos e técnicos em Business Intelligence.",Prof. Elmo Batista de Faria,catalogo.csv,1,68.0,49.0
Especialização em Transações ACID e Controle de Concorrência com Projetos Práticos,curso,Banco de Dados,basico,2025-12-23,"Neste curso aprofundado, você aprenderá de forma estruturada sobre Transações ACID e Controle de Concorrência. O treinamento abrange tópicos de nível básico, exercícios práticos e construção de projetos completos. Indicado para profissionais que desejam dominar ferramentas modernas e padrões consolidados em Banco de Dados.",Prof. Gabriel Santana Ribeiro,catalogo.csv,1,69.0,354.0
Construindo Aplicações Robustas com Integração de Conectores com SQLAlchemy e Psycopg3,curso,Programação & Software,avancado,2024-04-20,"Neste curso aprofundado, você aprenderá de forma estruturada sobre Integração de Conectores com SQLAlchemy e Psycopg3. O treinamento abrange tópicos de nível avançado, exercícios práticos e construção de projetos completos. Indicado para profissionais que desejam dominar ferramentas modernas e padrões consolidados em Programação & Software.",Prof. Elmo Batista de Faria,catalogo.csv,1,70.0,1745.0
"Análise Comparativa e Padrões Recomendados em Python Avançado: POO, Decorators e Geradores",artigo,Programação & Software,basico,2025-04-27,"Artigo técnico detalhado que explora Python Avançado: POO, Decorators e Geradores sob uma ótica técnica e conceitual. Focado em nível básico, aborda trade-offs arquiteturais, vantagens competitivas, padrões recomendados e diretrizes fundamentais para especialistas que atuam em Programação & Software.",Dra. Juliana Martins Fontes,catalogo.csv,1,71.0,12.0
Estudo Técnico e Decisões de Arquitetura em Gerenciamento de Ambientes e Segredos em Nuvem,artigo,DevOps & Cloud,avancado,2026-06-23,"Artigo técnico detalhado que explora Gerenciamento de Ambientes e Segredos em Nuvem sob uma ótica técnica e conceitual. Focado em nível avançado, aborda trade-offs arquiteturais, vantagens competitivas, padrões recomendados e diretrizes fundamentais para especialistas que atuam em DevOps & Cloud.",Dra. Juliana Martins Fontes,catalogo.csv,1,72.0,20.0
Guia Definitivo e Boas Práticas sobre Práticas de DataOps e Qualidade de Dados,artigo,Engenharia de Dados,basico,2025-01-09,"Artigo técnico detalhado que explora Práticas de DataOps e Qualidade de Dados sob uma ótica técnica e conceitual. Focado em nível básico, aborda trade-offs arquiteturais, vantagens competitivas, padrões recomendados e diretrizes fundamentais para especialistas que atuam em Engenharia de Dados.",Eng. Patrícia Moreira Viana,catalogo.csv,1,73.0,30.0
Deep Dive Ep. 103: Casos de Sucesso em Métricas de Avaliação de Modelos Preditivos,podcast,Ciência de Dados,intermediario,2024-08-11,"Episódio enriquecedor com debates aprofundados sobre Métricas de Avaliação de Modelos Preditivos. Nesta gravação para o público de nível intermediário, especialistas compartilham experiências práticas, desafios reais do mercado e reflexões sobre impactos estratégicos e técnicos em Ciência de Dados.",Profa. Carla Antunes Silveira,catalogo.csv,1,74.0,63.0
Construindo Aplicações Robustas com APIs RESTful de Alta Performance com FastAPI,curso,Programação & Software,avancado,2025-05-09,"Neste curso aprofundado, você aprenderá de forma estruturada sobre APIs RESTful de Alta Performance com FastAPI. O treinamento abrange tópicos de nível avançado, exercícios práticos e construção de projetos completos. Indicado para profissionais que desejam dominar ferramentas modernas e padrões consolidados em Programação & Software.",Dr. Fernando Zanin Pacheco,catalogo.csv,1,75.0,2423.0
Formação Prática em Automação de Servidores Linux e Acesso SSH: Fundamentos e Aplicação,curso,DevOps & Cloud,intermediario,2024-03-20,"Neste curso aprofundado, você aprenderá de forma estruturada sobre Automação de Servidores Linux e Acesso SSH. O treinamento abrange tópicos de nível intermediário, exercícios práticos e construção de projetos completos. Indicado para profissionais que desejam dominar ferramentas modernas e padrões consolidados em DevOps & Cloud.",Eng. Bruno César Pires,catalogo.csv,1,76.0,785.0
Solucionando Desafios do Dia a Dia em Monitoramento de Performance e Acompanhamento de Metas,video,Business Intelligence,avancado,2024-01-30,"Vídeo prático e objetivo apresentando a aplicação de Monitoramento de Performance e Acompanhamento de Metas. Em formato hands-on com nível avançado, o conteúdo demonstra resolução de problemas reais, passo a passo detalhado e dicas essenciais de implementação para acelerar seu domínio em Business Intelligence.",Eng. Vanessa Cristina Ramos,catalogo.csv,1,77.0,72.0
Melhores Práticas e Arquitetura de Clusterização e Segmentação de Perfis,video,Ciência de Dados,avancado,2024-08-04,"Vídeo prático e objetivo apresentando a aplicação de Clusterização e Segmentação de Perfis. Em formato hands-on com nível avançado, o conteúdo demonstra resolução de problemas reais, passo a passo detalhado e dicas essenciais de implementação para acelerar seu domínio em Ciência de Dados.",Eng. Patrícia Moreira Viana,catalogo.csv,1,78.0,110.0
Data Insights Ep. 94: Experiências Reais com Integração Híbrida PostgreSQL e NoSQL MongoDB,podcast,Banco de Dados,avancado,2025-06-29,"Episódio enriquecedor com debates aprofundados sobre Integração Híbrida PostgreSQL e NoSQL MongoDB. Nesta gravação para o público de nível avançado, especialistas compartilham experiências práticas, desafios reais do mercado e reflexões sobre impactos estratégicos e técnicos em Banco de Dados.",Dr. Fernando Zanin Pacheco,catalogo.csv,1,79.0,75.0
Guia Rápido e Hands-on: Estratégias de Indexação e Performance de Bancos,video,Banco de Dados,avancado,2026-03-27,"Vídeo prático e objetivo apresentando a aplicação de Estratégias de Indexação e Performance de Bancos. Em formato hands-on com nível avançado, o conteúdo demonstra resolução de problemas reais, passo a passo detalhado e dicas essenciais de implementação para acelerar seu domínio em Banco de Dados.",Profa. Carla Antunes Silveira,catalogo.csv,1,80.0,61.0
Masterclass de Data Lakehouse e Armazenamento Delta Lake para Projetos Reais,curso,Engenharia de Dados,intermediario,2025-07-07,"Neste curso aprofundado, você aprenderá de forma estruturada sobre Data Lakehouse e Armazenamento Delta Lake. O treinamento abrange tópicos de nível intermediário, exercícios práticos e construção de projetos completos. Indicado para profissionais que desejam dominar ferramentas modernas e padrões consolidados em Engenharia de Dados.",Eng. Thiago Pinheiro Borges,catalogo.csv,1,81.0,873.0
Como Implementar Catálogo de Dados Corporativo e Glossário Passo a Passo,video,Segurança & Governança,basico,2025-02-27,"Vídeo prático e objetivo apresentando a aplicação de Catálogo de Dados Corporativo e Glossário. Em formato hands-on com nível básico, o conteúdo demonstra resolução de problemas reais, passo a passo detalhado e dicas essenciais de implementação para acelerar seu domínio em Segurança & Governança.",Dr. Fernando Zanin Pacheco,catalogo.csv,1,82.0,19.0
Deep Dive Ep. 94: Casos de Sucesso em Data Lakehouse e Armazenamento Delta Lake,podcast,Engenharia de Dados,basico,2025-04-21,"Episódio enriquecedor com debates aprofundados sobre Data Lakehouse e Armazenamento Delta Lake. Nesta gravação para o público de nível básico, especialistas compartilham experiências práticas, desafios reais do mercado e reflexões sobre impactos estratégicos e técnicos em Engenharia de Dados.",Dr. Marcelo Silveira Neves,catalogo.csv,1,83.0,36.0
Melhores Práticas e Arquitetura de Infraestrutura como Código com Terraform,video,DevOps & Cloud,avancado,2024-01-08,"Vídeo prático e objetivo apresentando a aplicação de Infraestrutura como Código com Terraform. Em formato hands-on com nível avançado, o conteúdo demonstra resolução de problemas reais, passo a passo detalhado e dicas essenciais de implementação para acelerar seu domínio em DevOps & Cloud.",Dra. Camila Guimarães Rocha,catalogo.csv,1,84.0,105.0
Formação Prática em Escalabilidade e Gestão de Custos em Cloud: Fundamentos e Aplicação,curso,DevOps & Cloud,avancado,2024-06-16,"Neste curso aprofundado, você aprenderá de forma estruturada sobre Escalabilidade e Gestão de Custos em Cloud. O treinamento abrange tópicos de nível avançado, exercícios práticos e construção de projetos completos. Indicado para profissionais que desejam dominar ferramentas modernas e padrões consolidados em DevOps & Cloud.",Dra. Renata Figueiredo Melo,catalogo.csv,1,85.0,1315.0
Solucionando Desafios do Dia a Dia em Sistemas de Recomendação por Similaridade,video,Inteligência Artificial,avancado,2024-09-03,"Vídeo prático e objetivo apresentando a aplicação de Sistemas de Recomendação por Similaridade. Em formato hands-on com nível avançado, o conteúdo demonstra resolução de problemas reais, passo a passo detalhado e dicas essenciais de implementação para acelerar seu domínio em Inteligência Artificial.",Dr. André Luiz Carvalho,catalogo.csv,1,86.0,66.0
Deep Dive Ep. 109: Casos de Sucesso em Métricas de Avaliação de Modelos Preditivos,podcast,Ciência de Dados,basico,2025-04-15,"Episódio enriquecedor com debates aprofundados sobre Métricas de Avaliação de Modelos Preditivos. Nesta gravação para o público de nível básico, especialistas compartilham experiências práticas, desafios reais do mercado e reflexões sobre impactos estratégicos e técnicos em Ciência de Dados.",Eng. Thiago Pinheiro Borges,catalogo.csv,1,87.0,79.0
Melhores Práticas e Arquitetura de Design de Dashboards e Eliminação de Chartjunk,video,Business Intelligence,avancado,2026-06-18,"Vídeo prático e objetivo apresentando a aplicação de Design de Dashboards e Eliminação de Chartjunk. Em formato hands-on com nível avançado, o conteúdo demonstra resolução de problemas reais, passo a passo detalhado e dicas essenciais de implementação para acelerar seu domínio em Business Intelligence.",Profa. Beatriz Helena Nogueira,catalogo.csv,1,88.0,56.0
Melhores Práticas e Arquitetura de Arquitetura RAG e Recuperação Semântica,video,Inteligência Artificial,intermediario,2024-06-25,"Vídeo prático e objetivo apresentando a aplicação de Arquitetura RAG e Recuperação Semântica. Em formato hands-on com nível intermediário, o conteúdo demonstra resolução de problemas reais, passo a passo detalhado e dicas essenciais de implementação para acelerar seu domínio em Inteligência Artificial.",Profa. Beatriz Helena Nogueira,catalogo.csv,1,89.0,37.0
Arquitetura & Código Ep. 70: Inovações em Práticas de DataOps e Qualidade de Dados,podcast,Engenharia de Dados,avancado,2025-05-14,"Episódio enriquecedor com debates aprofundados sobre Práticas de DataOps e Qualidade de Dados. Nesta gravação para o público de nível avançado, especialistas compartilham experiências práticas, desafios reais do mercado e reflexões sobre impactos estratégicos e técnicos em Engenharia de Dados.",Dra. Mariana Vasconcelos,catalogo.csv,1,91.0,70.0
Formação Prática em Integração Híbrida PostgreSQL e NoSQL MongoDB: Fundamentos e Aplicação,curso,Banco de Dados,basico,2025-09-15,"Neste curso aprofundado, você aprenderá de forma estruturada sobre Integração Híbrida PostgreSQL e NoSQL MongoDB. O treinamento abrange tópicos de nível básico, exercícios práticos e construção de projetos completos. Indicado para profissionais que desejam dominar ferramentas modernas e padrões consolidados em Banco de Dados.",Profa. Carla Antunes Silveira,catalogo.csv,1,92.0,566.0
Curso Completo de Monitoramento com Prometheus e Grafana: Da Teoria à Prática,curso,DevOps & Cloud,avancado,2024-12-20,"Neste curso aprofundado, você aprenderá de forma estruturada sobre Monitoramento com Prometheus e Grafana. O treinamento abrange tópicos de nível avançado, exercícios práticos e construção de projetos completos. Indicado para profissionais que desejam dominar ferramentas modernas e padrões consolidados em DevOps & Cloud.",Eng. Bruno César Pires,catalogo.csv,1,93.0,3119.0
Curso Completo de Storytelling com Dados para Apresentações Executivas: Da Teoria à Prática,curso,Business Intelligence,basico,2025-06-24,"Neste curso aprofundado, você aprenderá de forma estruturada sobre Storytelling com Dados para Apresentações Executivas. O treinamento abrange tópicos de nível básico, exercícios práticos e construção de projetos completos. Indicado para profissionais que desejam dominar ferramentas modernas e padrões consolidados em Business Intelligence.",Eng. Vanessa Cristina Ramos,catalogo.csv,1,94.0,251.0
Construindo Aplicações Robustas com Refatoração de Código e Padrões PEP 8,curso,Programação & Software,intermediario,2024-01-23,"Neste curso aprofundado, você aprenderá de forma estruturada sobre Refatoração de Código e Padrões PEP 8. O treinamento abrange tópicos de nível intermediário, exercícios práticos e construção de projetos completos. Indicado para profissionais que desejam dominar ferramentas modernas e padrões consolidados em Programação & Software.",Dra. Mariana Vasconcelos,catalogo.csv,1,95.0,1153.0
Estudo Técnico e Decisões de Arquitetura em Modelagem Relacional Avançada no PostgreSQL,artigo,Banco de Dados,basico,2025-07-01,"Artigo técnico detalhado que explora Modelagem Relacional Avançada no PostgreSQL sob uma ótica técnica e conceitual. Focado em nível básico, aborda trade-offs arquiteturais, vantagens competitivas, padrões recomendados e diretrizes fundamentais para especialistas que atuam em Banco de Dados.",Eng. Patrícia Moreira Viana,catalogo.csv,1,96.0,10.0
Construindo Aplicações Robustas com Processamento Distribuído com Apache Spark,curso,Engenharia de Dados,avancado,2026-01-04,"Neste curso aprofundado, você aprenderá de forma estruturada sobre Processamento Distribuído com Apache Spark. O treinamento abrange tópicos de nível avançado, exercícios práticos e construção de projetos completos. Indicado para profissionais que desejam dominar ferramentas modernas e padrões consolidados em Engenharia de Dados.",Dra. Mariana Vasconcelos,catalogo.csv,1,97.0,2571.0
Estudo Técnico e Decisões de Arquitetura em Linhagem de Dados e Rastreabilidade de Origem,artigo,Segurança & Governança,intermediario,2024-09-01,"Artigo técnico detalhado que explora Linhagem de Dados e Rastreabilidade de Origem sob uma ótica técnica e conceitual. Focado em nível intermediário, aborda trade-offs arquiteturais, vantagens competitivas, padrões recomendados e diretrizes fundamentais para especialistas que atuam em Segurança & Governança.",Dra. Renata Figueiredo Melo,catalogo.csv,1,98.0,17.0
"Princípios Essenciais e Arquitetura de Python Avançado: POO, Decorators e Geradores",artigo,Programação & Software,intermediario,2024-07-12,"Artigo técnico detalhado que explora Python Avançado: POO, Decorators e Geradores sob uma ótica técnica e conceitual. Focado em nível intermediário, aborda trade-offs arquiteturais, vantagens competitivas, padrões recomendados e diretrizes fundamentais para especialistas que atuam em Programação & Software.",Prof. Lucas Fernandes Prado,catalogo.csv,1,99.0,19.0
Papo de Dados Ep. 128: Desvendando Padrões de Projeto para Engenharia de Software,podcast,Programação & Software,avancado,2025-01-28,"Episódio enriquecedor com debates aprofundados sobre Padrões de Projeto para Engenharia de Software. Nesta gravação para o público de nível avançado, especialistas compartilham experiências práticas, desafios reais do mercado e reflexões sobre impactos estratégicos e técnicos em Programação & Software.",Dra. Camila Guimarães Rocha,catalogo.csv,1,100.0,52.0
