usuario_id,conteudo_id,tipo_interacao,data_hora,tempo_consumido,percentual_conclusao,avaliacao_atribuida,execucao_id,data_hora_padronizacao
3,614,conclusão,2026-03-21 10:54:52,28,100.00,,SILVER_EXEC_20260928_231846_3d021e,2026-09-28 23:18:46.802024
57,165,curtida,2026-04-11 15:11:01,40,68.30,5,SILVER_EXEC_20260928_231846_3d021e,2026-09-28 23:18:46.802024
117,9,início,2026-05-29 05:37:58,4,7.10,,SILVER_EXEC_20260928_231846_3d021e,2026-09-28 23:18:46.802024
33,868,conclusão,2026-01-22 10:57:28,1587,100.00,3,SILVER_EXEC_20260928_231846_3d021e,2026-09-28 23:18:46.802024
19,690,curtida,2026-04-09 15:34:15,10,89.00,5,SILVER_EXEC_20260928_231846_3d021e,2026-09-28 23:18:46.802024
145,234,visualização,2026-03-08 15:30:29,17,49.00,,SILVER_EXEC_20260928_231846_3d021e,2026-09-28 23:18:46.802024
15,40,conclusão,2026-05-14 20:40:37,16,100.00,4,SILVER_EXEC_20260928_231846_3d021e,2026-09-28 23:18:46.802024
119,331,conclusão,2026-02-09 05:24:43,86,100.00,4,SILVER_EXEC_20260928_231846_3d021e,2026-09-28 23:18:46.802024
116,474,curtida,2026-01-15 01:24:22,27,88.10,5,SILVER_EXEC_20260928_231846_3d021e,2026-09-28 23:18:46.802024
29,369,curtida,2026-03-14 19:20:45,14,48.00,5,SILVER_EXEC_20260928_231846_3d021e,2026-09-28 23:18:46.802024
124,59,início,2026-02-11 03:03:01,2,6.80,,SILVER_EXEC_20260928_231846_3d021e,2026-09-28 23:18:46.802024
97,95,início,2026-05-04 16:12:14,166,14.40,,SILVER_EXEC_20260928_231846_3d021e,2026-09-28 23:18:46.802024
143,399,início,2026-03-23 13:37:25,5,7.50,,SILVER_EXEC_20260928_231846_3d021e,2026-09-28 23:18:46.802024
25,354,avaliação,2026-05-23 07:33:27,1144,65.40,4,SILVER_EXEC_20260928_231846_3d021e,2026-09-28 23:18:46.802024
26,185,visualização,2026-07-13 00:39:22,20,75.10,,SILVER_EXEC_20260928_231846_3d021e,2026-09-28 23:18:46.802024
106,66,curtida,2026-05-07 21:27:46,67,64.60,5,SILVER_EXEC_20260928_231846_3d021e,2026-09-28 23:18:46.802024
95,689,curtida,2026-02-10 22:43:28,51,96.20,5,SILVER_EXEC_20260928_231846_3d021e,2026-09-28 23:18:46.802024
131,355,avaliação,2026-05-20 20:59:28,811,73.00,4,SILVER_EXEC_20260928_231846_3d021e,2026-09-28 23:18:46.802024
126,514,visualização,2026-04-21 03:09:37,185,14.40,,SILVER_EXEC_20260928_231846_3d021e,2026-09-28 23:18:46.802024
146,569,visualização,2026-01-26 13:48:08,2,14.50,,SILVER_EXEC_20260928_231846_3d021e,2026-09-28 23:18:46.802024
146,23,visualização,2026-04-26 18:11:10,15,49.30,,SILVER_EXEC_20260928_231846_3d021e,2026-09-28 23:18:46.802024
139,530,visualização,2026-05-21 22:12:22,33,57.80,,SILVER_EXEC_20260928_231846_3d021e,2026-09-28 23:18:46.802024
118,125,início,2026-05-12 15:26:27,7,14.80,,SILVER_EXEC_20260928_231846_3d021e,2026-09-28 23:18:46.802024
87,435,início,2026-04-09 01:14:11,22,3.60,,SILVER_EXEC_20260928_231846_3d021e,2026-09-28 23:18:46.802024
42,156,visualização,2026-04-26 23:00:44,150,32.90,,SILVER_EXEC_20260928_231846_3d021e,2026-09-28 23:18:46.802024
117,621,avaliação,2026-08-07 02:17:03,6,81.90,4,SILVER_EXEC_20260928_231846_3d021e,2026-09-28 23:18:46.802024
57,274,visualização,2026-06-22 23:49:04,4,69.20,,SILVER_EXEC_20260928_231846_3d021e,2026-09-28 23:18:46.802024
54,65,visualização,2026-07-13 03:28:31,10,84.50,,SILVER_EXEC_20260928_231846_3d021e,2026-09-28 23:18:46.802024
139,265,compartilhamento,2026-02-04 17:17:49,13,30.50,,SILVER_EXEC_20260928_231846_3d021e,2026-09-28 23:18:46.802024
120,501,conclusão,2026-04-20 01:41:41,33,100.00,4,SILVER_EXEC_20260928_231846_3d021e,2026-09-28 23:18:46.802024
97,164,visualização,2026-06-07 07:07:44,63,84.60,,SILVER_EXEC_20260928_231846_3d021e,2026-09-28 23:18:46.802024
73,174,visualização,2026-06-07 17:48:35,31,50.10,,SILVER_EXEC_20260928_231846_3d021e,2026-09-28 23:18:46.802024
129,380,conclusão,2026-07-28 12:02:46,11,100.00,5,SILVER_EXEC_20260928_231846_3d021e,2026-09-28 23:18:46.802024
68,582,conclusão,2026-02-09 23:14:03,25,100.00,5,SILVER_EXEC_20260928_231846_3d021e,2026-09-28 23:18:46.802024
110,624,visualização,2026-02-24 21:52:10,616,50.70,,SILVER_EXEC_20260928_231846_3d021e,2026-09-28 23:18:46.802024
59,452,visualização,2026-01-24 06:08:02,48,78.80,,SILVER_EXEC_20260928_231846_3d021e,2026-09-28 23:18:46.802024
103,689,compartilhamento,2026-07-23 14:18:39,53,99.70,,SILVER_EXEC_20260928_231846_3d021e,2026-09-28 23:18:46.802024
133,953,curtida,2026-06-15 14:26:06,1053,54.30,5,SILVER_EXEC_20260928_231846_3d021e,2026-09-28 23:18:46.802024
105,633,conclusão,2026-03-11 08:02:12,534,100.00,4,SILVER_EXEC_20260928_231846_3d021e,2026-09-28 23:18:46.802024
74,889,visualização,2026-04-08 22:29:38,23,59.00,,SILVER_EXEC_20260928_231846_3d021e,2026-09-28 23:18:46.802024
74,637,avaliação,2026-02-03 15:15:33,52,62.20,4,SILVER_EXEC_20260928_231846_3d021e,2026-09-28 23:18:46.802024
33,476,início,2026-05-08 12:12:45,1,1.10,,SILVER_EXEC_20260928_231846_3d021e,2026-09-28 23:18:46.802024
73,209,visualização,2026-07-28 21:29:04,7,67.20,,SILVER_EXEC_20260928_231846_3d021e,2026-09-28 23:18:46.802024
99,411,visualização,2026-05-02 08:44:07,13,50.80,,SILVER_EXEC_20260928_231846_3d021e,2026-09-28 23:18:46.802024
131,547,início,2026-02-16 19:25:55,1,4.40,,SILVER_EXEC_20260928_231846_3d021e,2026-09-28 23:18:46.802024
25,879,visualização,2026-07-30 13:52:35,749,84.20,,SILVER_EXEC_20260928_231846_3d021e,2026-09-28 23:18:46.802024
42,211,início,2026-08-09 16:03:00,3,10.00,,SILVER_EXEC_20260928_231846_3d021e,2026-09-28 23:18:46.802024
143,601,visualização,2026-02-11 02:13:49,13,50.50,,SILVER_EXEC_20260928_231846_3d021e,2026-09-28 23:18:46.802024
115,468,visualização,2026-02-28 18:51:22,11,48.20,,SILVER_EXEC_20260928_231846_3d021e,2026-09-28 23:18:46.802024
40,701,conclusão,2026-01-27 11:30:42,79,100.00,,SILVER_EXEC_20260928_231846_3d021e,2026-09-28 23:18:46.802024
125,251,visualização,2026-07-01 04:58:10,443,26.50,,SILVER_EXEC_20260928_231846_3d021e,2026-09-28 23:18:46.802024
1,890,conclusão,2026-06-19 16:08:34,40,100.00,4,SILVER_EXEC_20260928_231846_3d021e,2026-09-28 23:18:46.802024
9,790,conclusão,2026-04-03 14:49:19,63,100.00,4,SILVER_EXEC_20260928_231846_3d021e,2026-09-28 23:18:46.802024
30,383,início,2026-06-12 20:48:55,55,8.80,,SILVER_EXEC_20260928_231846_3d021e,2026-09-28 23:18:46.802024
150,793,conclusão,2026-05-21 11:52:59,35,100.00,5,SILVER_EXEC_20260928_231846_3d021e,2026-09-28 23:18:46.802024
117,695,início,2026-07-19 06:14:12,4,7.30,,SILVER_EXEC_20260928_231846_3d021e,2026-09-28 23:18:46.802024
43,52,conclusão,2026-06-16 22:59:46,70,100.00,3,SILVER_EXEC_20260928_231846_3d021e,2026-09-28 23:18:46.802024
66,914,início,2026-04-21 01:43:16,186,13.00,,SILVER_EXEC_20260928_231846_3d021e,2026-09-28 23:18:46.802024
57,418,avaliação,2026-08-09 08:21:57,55,94.10,2,SILVER_EXEC_20260928_231846_3d021e,2026-09-28 23:18:46.802024
65,758,curtida,2026-05-01 05:39:16,18,48.70,5,SILVER_EXEC_20260928_231846_3d021e,2026-09-28 23:18:46.802024
44,211,visualização,2026-05-15 03:30:51,25,78.70,,SILVER_EXEC_20260928_231846_3d021e,2026-09-28 23:18:46.802024
42,87,compartilhamento,2026-05-08 23:12:26,53,67.80,,SILVER_EXEC_20260928_231846_3d021e,2026-09-28 23:18:46.802024
53,765,visualização,2026-01-13 13:57:36,432,18.30,,SILVER_EXEC_20260928_231846_3d021e,2026-09-28 23:18:46.802024
65,937,início,2026-05-15 18:29:11,1,3.70,,SILVER_EXEC_20260928_231846_3d021e,2026-09-28 23:18:46.802024
9,707,visualização,2026-04-29 23:16:42,5,38.80,,SILVER_EXEC_20260928_231846_3d021e,2026-09-28 23:18:46.802024
99,665,curtida,2026-01-15 04:23:35,3367,93.80,5,SILVER_EXEC_20260928_231846_3d021e,2026-09-28 23:18:46.802024
115,708,curtida,2026-03-11 17:43:28,8,69.00,5,SILVER_EXEC_20260928_231846_3d021e,2026-09-28 23:18:46.802024
23,590,início,2026-03-18 01:48:06,2,7.80,,SILVER_EXEC_20260928_231846_3d021e,2026-09-28 23:18:46.802024
110,958,conclusão,2026-08-23 09:21:36,568,100.00,,SILVER_EXEC_20260928_231846_3d021e,2026-09-28 23:18:46.802024
72,64,visualização,2026-07-04 04:13:29,9,44.50,,SILVER_EXEC_20260928_231846_3d021e,2026-09-28 23:18:46.802024
20,69,compartilhamento,2026-02-05 16:37:41,282,79.90,,SILVER_EXEC_20260928_231846_3d021e,2026-09-28 23:18:46.802024
136,595,avaliação,2026-08-12 04:56:51,27,68.10,3,SILVER_EXEC_20260928_231846_3d021e,2026-09-28 23:18:46.802024
58,324,curtida,2026-03-10 16:35:55,20,83.70,5,SILVER_EXEC_20260928_231846_3d021e,2026-09-28 23:18:46.802024
64,614,curtida,2026-06-29 08:06:54,23,85.70,5,SILVER_EXEC_20260928_231846_3d021e,2026-09-28 23:18:46.802024
135,276,visualização,2026-05-12 08:37:22,49,56.50,,SILVER_EXEC_20260928_231846_3d021e,2026-09-28 23:18:46.802024
70,287,compartilhamento,2026-04-22 04:24:19,27,52.80,,SILVER_EXEC_20260928_231846_3d021e,2026-09-28 23:18:46.802024
115,860,início,2026-01-09 06:29:02,87,7.60,,SILVER_EXEC_20260928_231846_3d021e,2026-09-28 23:18:46.802024
67,963,avaliação,2026-07-16 13:36:36,52,83.70,5,SILVER_EXEC_20260928_231846_3d021e,2026-09-28 23:18:46.802024
50,993,curtida,2026-07-27 15:16:40,15,89.70,5,SILVER_EXEC_20260928_231846_3d021e,2026-09-28 23:18:46.802024
120,550,visualização,2026-03-30 13:57:21,31,79.80,,SILVER_EXEC_20260928_231846_3d021e,2026-09-28 23:18:46.802024
68,1,visualização,2026-02-14 07:23:13,2376,68.30,,SILVER_EXEC_20260928_231846_3d021e,2026-09-28 23:18:46.802024
41,653,visualização,2026-04-09 23:21:56,9,26.90,,SILVER_EXEC_20260928_231846_3d021e,2026-09-28 23:18:46.802024
69,837,curtida,2026-05-03 23:53:07,39,93.60,5,SILVER_EXEC_20260928_231846_3d021e,2026-09-28 23:18:46.802024
31,343,conclusão,2026-02-19 14:05:36,57,100.00,5,SILVER_EXEC_20260928_231846_3d021e,2026-09-28 23:18:46.802024
79,935,visualização,2026-07-22 16:41:58,30,39.20,,SILVER_EXEC_20260928_231846_3d021e,2026-09-28 23:18:46.802024
87,306,conclusão,2026-06-21 19:24:49,52,100.00,3,SILVER_EXEC_20260928_231846_3d021e,2026-09-28 23:18:46.802024
138,755,início,2026-06-09 18:27:38,1,8.80,,SILVER_EXEC_20260928_231846_3d021e,2026-09-28 23:18:46.802024
102,328,visualização,2026-07-27 06:35:13,3,19.80,,SILVER_EXEC_20260928_231846_3d021e,2026-09-28 23:18:46.802024
110,687,visualização,2026-06-17 11:27:30,373,51.50,,SILVER_EXEC_20260928_231846_3d021e,2026-09-28 23:18:46.802024
54,964,compartilhamento,2026-02-16 02:32:11,39,85.70,,SILVER_EXEC_20260928_231846_3d021e,2026-09-28 23:18:46.802024
51,301,visualização,2026-05-18 17:39:04,26,59.70,,SILVER_EXEC_20260928_231846_3d021e,2026-09-28 23:18:46.802024
76,348,início,2026-07-09 21:23:25,1,14.90,,SILVER_EXEC_20260928_231846_3d021e,2026-09-28 23:18:46.802024
105,734,curtida,2026-08-03 00:35:43,54,78.80,5,SILVER_EXEC_20260928_231846_3d021e,2026-09-28 23:18:46.802024
21,929,início,2026-04-03 04:56:00,1,7.10,,SILVER_EXEC_20260928_231846_3d021e,2026-09-28 23:18:46.802024
23,190,curtida,2026-08-03 06:43:37,254,97.10,5,SILVER_EXEC_20260928_231846_3d021e,2026-09-28 23:18:46.802024
52,600,conclusão,2026-01-02 22:54:05,58,100.00,,SILVER_EXEC_20260928_231846_3d021e,2026-09-28 23:18:46.802024
65,240,visualização,2026-03-10 18:39:32,19,54.90,,SILVER_EXEC_20260928_231846_3d021e,2026-09-28 23:18:46.802024
140,771,início,2026-04-08 13:36:54,2,11.80,,SILVER_EXEC_20260928_231846_3d021e,2026-09-28 23:18:46.802024
143,193,conclusão,2026-07-12 00:01:29,30,100.00,3,SILVER_EXEC_20260928_231846_3d021e,2026-09-28 23:18:46.802024
53,864,início,2026-08-20 17:41:38,1,12.20,,SILVER_EXEC_20260928_231846_3d021e,2026-09-28 23:18:46.802024
